{"vdw":{"cpcm":[1.32,1.68,2.184,1.836,2.304,2.04,1.86,1.824,1.764,2.223,2.223,2.223,2.304,2.52,2.16,2.16,2.1,2.223,2.223,2.223,2.223,2.223,2.223,2.223,2.223,2.223,2.223,2.223,2.223,2.223,2.223,2.223,2.223,2.223,2.22,2.223,2.223,2.223,2.223,2.223,2.223,2.223,2.223,2.223,2.223,2.223,2.223,2.223,2.223,2.223,2.223,2.223,2.376,2.223,2.223,2.223,2.223,2.223,2.223,2.223,2.223,2.223,2.223,2.223,2.223,2.223,2.223,2.223,2.223,2.223,2.223,2.223,2.223,2.223,2.223,2.223,2.223,2.223,2.223,2.223,2.223,2.223,2.223,2.223,2.223,2.223,2.223,2.223,2.223,2.223,2.223,2.223,2.223,2.223],"cosmo":[1.3,1.638,1.57,1.053,2.048,2.0,1.83,1.72,1.72,1.8018,1.8,1.638,2.153,2.2,2.106,2.16,2.05,2.2,2.223,2.223,2.223,2.293,2.223,2.223,2.223,2.223,2.223,2.223,2.223,1.626,2.223,2.7,2.35,2.2,2.16,2.363,2.223,2.223,2.223,2.223,2.223,2.223,2.223,2.223,2.223,2.223,2.223,2.223,2.258,2.55,2.41,2.41,2.32,2.527,2.223,2.223,2.223,2.223,2.223,2.223,2.223,2.223,2.223,2.223,2.223,2.223,2.223,2.223,2.223,2.223,2.223,2.223,2.223,2.223,2.223,2.223,2.223,2.223,2.223,2.223,2.223,2.36,2.422,2.305,2.363,2.574,2.223,2.223,2.223,2.223,2.223,2.223,2.223,2.223],"smd":[1.2,1.4,1.81,1.53,1.92,1.85,1.89,1.52,1.73,1.54,2.27,1.73,1.84,2.47,2.12,2.49,2.38,1.88,2.75,2.31,2.0,2.0,2.0,2.0,2.0,2.0,2.0,2.0,2.0,2.0,1.87,2.11,1.85,1.9,3.06,2.02,3.03,2.49,2.0,2.0,2.0,2.0,2.0,2.0,2.0,2.0,2.0,2.0,1.93,2.17,2.06,2.06,1.98,2.16,3.43,2.68,2.0,2.0,2.0,2.0,2.0,2.0,2.0,2.0,2.0,2.0,2.0,2.0,2.0,2.0,2.0,2.0,2.0,2.0,2.0,2.0,2.0,2.0,2.0,2.0,1.96,2.02,2.07,1.97,2.02,2.2,3.48,2.83],"bondi":[1.1,1.4,1.81,1.53,1.92,1.7,1.55,1.52,1.47,1.54,2.27,1.73,1.84,2.1,1.8,1.8,1.75,1.88,2.75,2.31,-1.0,-1.0,-1.0,-1.0,-1.0,-1.0,-1.0,-1.0,-1.0,-1.0,1.87,2.11,1.85,1.9,1.83,2.02,3.03,2.49,-1.0,-1.0,-1.0,-1.0,-1.0,-1.0,-1.0,-1.0,-1.0,-1.0,1.93,2.17,2.06,2.06,1.98,2.16,3.43,2.68,-1.0,-1.0,-1.0,-1.0,-1.0,-1.0,-1.0,-1.0,-1.0,-1.0,-1.0,-1.0,-1.0,-1.0,-1.0,-1.0,-1.0,-1.0,-1.0,-1.0,-1.0,-1.0,-1.0,-1.0,1.96,2.02,2.07,1.97,2.02,2.2,3.48,2.83]},"eeq_cpcm":{"prefactors_water":[-0.48580467,0.0,0.0,0.0,0.0,0.00467076,0.00731119,0.14219428,1.5184028,0.0,0.0,0.0,0.0,0.0,0.0,0.5169536,0.52575628,0.0,0.0,0.0,0.0,0.0,0.0,0.0,0.0,0.0,0.0,0.0,0.0,0.0,0.0,0.0,0.0,0.0,0.71772284,0.0,0.0,0.0,0.0,0.0,0.0,0.0,0.0,0.0,0.0,0.0,0.0,0.0,0.0,0.0,0.0,0.0,0.0,0.0,0.0,0.0,0.0,0.0,0.0,0.0,0.0,0.0,0.0,0.0,0.0,0.0,0.0,0.0,0.0,0.0,0.0,0.0,0.0,0.0,0.0,0.0,0.0,0.0,0.0,0.0,0.0,0.0,0.0,0.0,0.0,0.0,0.0,0.0,0.0,0.0,0.0,0.0,0.0,0.0],"exponents_water":[0.73703909,0.0,0.0,0.0,0.0,31.23704066,5.1824626,3.11305778,-0.75255631,0.0,0.0,0.0,0.0,0.0,0.0,-0.27512118,-0.97118624,0.0,0.0,0.0,0.0,0.0,0.0,0.0,0.0,0.0,0.0,0.0,0.0,0.0,0.0,0.0,0.0,0.0,-0.18646034,0.0,0.0,0.0,0.0,0.0,0.0,0.0,0.0,0.0,0.0,0.0,0.0,0.0,0.0,0.0,0.0,0.0,0.0,0.0,0.0,0.0,0.0,0.0,0.0,0.0,0.0,0.0,0.0,0.0,0.0,0.0,0.0,0.0,0.0,0.0,0.0,0.0,0.0,0.0,0.0,0.0,0.0,0.0,0.0,0.0,0.0,0.0,0.0,0.0,0.0,0.0,0.0,0.0,0.0,0.0,0.0,0.0,0.0,0.0],"k_water":[2.22602441,0.0,0.0,0.0,0.0,43.69356793,-4.77192548,-2.41506096,0.87149428,0.0,0.0,0.0,0.0,0.0,0.0,0.18863602,2.52012598,0.0,0.0,0.0,0.0,0.0,0.0,0.0,0.0,0.0,0.0,0.0,0.0,0.0,0.0,0.0,0.0,0.0,-2.23857263,0.0,0.0,0.0,0.0,0.0,0.0,0.0,0.0,0.0,0.0,0.0,0.0,0.0,0.0,0.0,0.0,0.0,0.0,0.0,0.0,0.0,0.0,0.0,0.0,0.0,0.0,0.0,0.0,0.0,0.0,0.0,0.0,0.0,0.0,0.0,0.0,0.0,0.0,0.0,0.0,0.0,0.0,0.0,0.0,0.0,0.0,0.0,0.0,0.0,0.0,0.0,0.0,0.0,0.0,0.0,0.0,0.0,0.0,0.0],"prefactors":[0.043346,0.0,0.0,0.0,0.0,-1.60595905,-0.00709949,0.02601606,14.20750071,0.0,0.0,0.0,0.0,0.0,0.0,-1.63941002,0.44756913,0.0,0.0,0.0,0.0,0.0,0.0,0.0,0.0,0.0,0.0,0.0,0.0,0.0,0.0,0.0,0.0,0.0,0.1953775,0.0,0.0,0.0,0.0,0.0,0.0,0.0,0.0,0.0,0.0,0.0,0.0,0.0,0.0,0.0,0.0,0.0,0.0,0.0,0.0,0.0,0.0,0.0,0.0,0.0,0.0,0.0,0.0,0.0,0.0,0.0,0.0,0.0,0.0,0.0,0.0,0.0,0.0,0.0,0.0,0.0,0.0,0.0,0.0,0.0,0.0,0.0,0.0,0.0,0.0,0.0,0.0,0.0,0.0,0.0,0.0,0.0,0.0,0.0],"exponents":[0.66291388,0.0,0.0,0.0,0.0,-0.07256963,44.96439531,7.404199,-0.32022526,0.0,0.0,0.0,0.0,0.0,0.0,-0.12559499,-1.32277741,0.0,0.0,0.0,0.0,0.0,0.0,0.0,0.0,0.0,0.0,0.0,0.0,0.0,0.0,0.0,0.0,0.0,-1.78741237,0.0,0.0,0.0,0.0,0.0,0.0,0.0,0.0,0.0,0.0,0.0,0.0,0.0,0.0,0.0,0.0,0.0,0.0,0.0,0.0,0.0,0.0,0.0,0.0,0.0,0.0,0.0,0.0,0.0,0.0,0.0,0.0,0.0,0.0,0.0,0.0,0.0,0.0,0.0,0.0,0.0,0.0,0.0,0.0,0.0,0.0,0.0,0.0,0.0,0.0,0.0,0.0,0.0,0.0,0.0,0.0,0.0,0.0,0.0],"k":[-20.27800374,0.0,0.0,0.0,0.0,-0.22493811,-12.62008638,8.46988686,-0.01542781,0.0,0.0,0.0,0.0,0.0,0.0,-0.3416328,1.41095131,0.0,0.0,0.0,0.0,0.0,0.0,0.0,0.0,0.0,0.0,0.0,0.0,0.0,0.0,0.0,0.0,0.0,4.81934081,0.0,0.0,0.0,0.0,0.0,0.0,0.0,0.0,0.0,0.0,0.0,0.0,0.0,0.0,0.0,0.0,0.0,0.0,0.0,0.0,0.0,0.0,0.0,0.0,0.0,0.0,0.0,0.0,0.0,0.0,0.0,0.0,0.0,0.0,0.0,0.0,0.0,0.0,0.0,0.0,0.0,0.0,0.0,0.0,0.0,0.0,0.0,0.0,0.0,0.0,0.0,0.0,0.0,0.0,0.0,0.0,0.0,0.0,0.0],"o_shift":1.37365379},"eeq_smd":{"prefactors_water":[-0.20299412,0.0,0.0,0.0,0.0,0.00116557,0.00112715,0.05390754,0.62174879,0.0,0.0,0.0,0.0,0.0,0.0,0.20563583,0.04342682,0.0,0.0,0.0,0.0,0.0,0.0,0.0,0.0,0.0,0.0,0.0,0.0,0.0,0.0,0.0,0.0,0.0,0.35845544,0.0,0.0,0.0,0.0,0.0,0.0,0.0,0.0,0.0,0.0,0.0,0.0,0.0,0.0,0.0,0.0,0.0,0.0,0.0,0.0,0.0,0.0,0.0,0.0,0.0,0.0,0.0,0.0,0.0,0.0,0.0,0.0,0.0,0.0,0.0,0.0,0.0,0.0,0.0,0.0,0.0,0.0,0.0,0.0,0.0,0.0,0.0,0.0,0.0,0.0,0.0,0.0,0.0,0.0,0.0,0.0,0.0,0.0,0.0],"exponents_water":[0.35663583,0.0,0.0,0.0,0.0,53.34588775,121.08319293,2.14269861,-0.43639762,0.0,0.0,0.0,0.0,0.0,0.0,0.15907634,1.21454052,0.0,0.0,0.0,0.0,0.0,0.0,0.0,0.0,0.0,0.0,0.0,0.0,0.0,0.0,0.0,0.0,0.0,0.16155323,0.0,0.0,0.0,0.0,0.0,0.0,0.0,0.0,0.0,0.0,0.0,0.0,0.0,0.0,0.0,0.0,0.0,0.0,0.0,0.0,0.0,0.0,0.0,0.0,0.0,0.0,0.0,0.0,0.0,0.0,0.0,0.0,0.0,0.0,0.0,0.0,0.0,0.0,0.0,0.0,0.0,0.0,0.0,0.0,0.0,0.0,0.0,0.0,0.0,0.0,0.0,0.0,0.0,0.0,0.0,0.0,0.0,0.0,0.0],"k_water":[0.90110573,0.0,0.0,0.0,0.0,8.7524148,-42.05520406,-0.3182008,0.80691234,0.0,0.0,0.0,0.0,0.0,0.0,0.62967096,0.32705664,0.0,0.0,0.0,0.0,0.0,0.0,0.0,0.0,0.0,0.0,0.0,0.0,0.0,0.0,0.0,0.0,0.0,-3.18641147,0.0,0.0,0.0,0.0,0.0,0.0,0.0,0.0,0.0,0.0,0.0,0.0,0.0,0.0,0.0,0.0,0.0,0.0,0.0,0.0,0.0,0.0,0.0,0.0,0.0,0.0,0.0,0.0,0.0,0.0,0.0,0.0,0.0,0.0,0.0,0.0,0.0,0.0,0.0,0.0,0.0,0.0,0.0,0.0,0.0,0.0,0.0,0.0,0.0,0.0,0.0,0.0,0.0,0.0,0.0,0.0,0.0,0.0,0.0],"prefactors":[0.05447275,0.0,0.0,0.0,0.0,-1.77608024,-0.00508844,0.01738052,12.00126366,0.0,0.0,0.0,0.0,0.0,0.0,-1.37395461,0.51956849,0.0,0.0,0.0,0.0,0.0,0.0,0.0,0.0,0.0,0.0,0.0,0.0,0.0,0.0,0.0,0.0,0.0,0.13813859,0.0,0.0,0.0,0.0,0.0,0.0,0.0,0.0,0.0,0.0,0.0,0.0,0.0,0.0,0.0,0.0,0.0,0.0,0.0,0.0,0.0,0.0,0.0,0.0,0.0,0.0,0.0,0.0,0.0,0.0,0.0,0.0,0.0,0.0,0.0,0.0,0.0,0.0,0.0,0.0,0.0,0.0,0.0,0.0,0.0,0.0,0.0,0.0,0.0,0.0,0.0,0.0,0.0,0.0,0.0,0.0,0.0,0.0,0.0],"exponents":[-2.50038085,0.0,0.0,0.0,0.0,-0.05353459,43.30983074,-4.67837598,-0.31514792,0.0,0.0,0.0,0.0,0.0,0.0,-0.21519048,-1.07041829,0.0,0.0,0.0,0.0,0.0,0.0,0.0,0.0,0.0,0.0,0.0,0.0,0.0,0.0,0.0,0.0,0.0,-0.31621463,0.0,0.0,0.0,0.0,0.0,0.0,0.0,0.0,0.0,0.0,0.0,0.0,0.0,0.0,0.0,0.0,0.0,0.0,0.0,0.0,0.0,0.0,0.0,0.0,0.0,0.0,0.0,0.0,0.0,0.0,0.0,0.0,0.0,0.0,0.0,0.0,0.0,0.0,0.0,0.0,0.0,0.0,0.0,0.0,0.0,0.0,0.0,0.0,0.0,0.0,0.0,0.0,0.0,0.0,0.0,0.0,0.0,0.0,0.0],"k":[-20.594132,0.0,0.0,0.0,0.0,-0.24782848,-12.57240511,18.63767256,-0.01085468,0.0,0.0,0.0,0.0,0.0,0.0,-0.31346972,1.43231694,0.0,0.0,0.0,0.0,0.0,0.0,0.0,0.0,0.0,0.0,0.0,0.0,0.0,0.0,0.0,0.0,0.0,5.8165695,0.0,0.0,0.0,0.0,0.0,0.0,0.0,0.0,0.0,0.0,0.0,0.0,0.0,0.0,0.0,0.0,0.0,0.0,0.0,0.0,0.0,0.0,0.0,0.0,0.0,0.0,0.0,0.0,0.0,0.0,0.0,0.0,0.0,0.0,0.0,0.0,0.0,0.0,0.0,0.0,0.0,0.0,0.0,0.0,0.0,0.0,0.0,0.0,0.0,0.0,0.0,0.0,0.0,0.0,0.0,0.0,0.0,0.0,0.0],"o_shift":1.50193776}}