{"comment":"DFT-D4 (BJ + ATM, 2019 parameterization) damping parameters extracted from cpp-d4. Keyed by functional alias; values are {s6, s8, s10, s9, a1, a2, alp}.","defaults":{"s6":1.0,"s8":0.0,"s10":0.0,"s9":1.0,"a1":0.0,"a2":0.0,"alp":16},"functionals":{"am05":{"s6":1.0,"s8":1.71885838,"s10":0.0,"s9":1.0,"a1":0.47901431,"a2":5.96771581,"alp":16},"b-lyp":{"s6":1.0,"s8":2.34076671,"s10":0.0,"s9":1.0,"a1":0.44488865,"a2":4.0933009,"alp":16},"b-p":{"s6":1.0,"s8":3.35497927,"s10":0.0,"s9":1.0,"a1":0.43645861,"a2":4.92406854,"alp":16},"b-p86":{"s6":1.0,"s8":3.35497927,"s10":0.0,"s9":1.0,"a1":0.43645861,"a2":4.92406854,"alp":16},"b-pw":{"s6":1.0,"s8":3.24571506,"s10":0.0,"s9":1.0,"a1":0.50050454,"a2":4.12346483,"alp":16},"b1-lyp":{"s6":1.0,"s8":1.98553711,"s10":0.0,"s9":1.0,"a1":0.3930904,"a2":4.55465145,"alp":16},"b1-p":{"s6":1.0,"s8":3.36115015,"s10":0.0,"s9":1.0,"a1":0.48665293,"a2":5.05219572,"alp":16},"b1-pw":{"s6":1.0,"s8":3.0222755,"s10":0.0,"s9":1.0,"a1":0.47396846,"a2":4.49845309,"alp":16},"b1b95":{"s6":1.0,"s8":1.27701162,"s10":0.0,"s9":1.0,"a1":0.40554715,"a2":4.63323074,"alp":16},"b1lyp":{"s6":1.0,"s8":1.98553711,"s10":0.0,"s9":1.0,"a1":0.3930904,"a2":4.55465145,"alp":16},"b1p":{"s6":1.0,"s8":3.36115015,"s10":0.0,"s9":1.0,"a1":0.48665293,"a2":5.05219572,"alp":16},"b1p86":{"s6":1.0,"s8":3.36115015,"s10":0.0,"s9":1.0,"a1":0.48665293,"a2":5.05219572,"alp":16},"b1pw":{"s6":1.0,"s8":3.0222755,"s10":0.0,"s9":1.0,"a1":0.47396846,"a2":4.49845309,"alp":16},"b1pw91":{"s6":1.0,"s8":3.0222755,"s10":0.0,"s9":1.0,"a1":0.47396846,"a2":4.49845309,"alp":16},"b2-plyp":{"s6":0.64,"s8":1.16888646,"s10":0.0,"s9":1.0,"a1":0.44154604,"a2":4.73114642,"alp":16},"b2gp-plyp":{"s6":0.56,"s8":0.94633372,"s10":0.0,"s9":1.0,"a1":0.42907301,"a2":5.18802602,"alp":16},"b2gpplyp":{"s6":0.56,"s8":0.94633372,"s10":0.0,"s9":1.0,"a1":0.42907301,"a2":5.18802602,"alp":16},"b2plyp":{"s6":0.64,"s8":1.16888646,"s10":0.0,"s9":1.0,"a1":0.44154604,"a2":4.73114642,"alp":16},"b3-lyp":{"s6":1.0,"s8":2.02929367,"s10":0.0,"s9":1.0,"a1":0.40868035,"a2":4.53807137,"alp":16},"b3-p":{"s6":1.0,"s8":3.08822155,"s10":0.0,"s9":1.0,"a1":0.47324238,"a2":4.98682134,"alp":16},"b3-pw":{"s6":1.0,"s8":2.88364295,"s10":0.0,"s9":1.0,"a1":0.4699086,"a2":4.51641422,"alp":16},"b3lyp":{"s6":1.0,"s8":2.02929367,"s10":0.0,"s9":1.0,"a1":0.40868035,"a2":4.53807137,"alp":16},"b3p":{"s6":1.0,"s8":3.08822155,"s10":0.0,"s9":1.0,"a1":0.47324238,"a2":4.98682134,"alp":16},"b3p86":{"s6":1.0,"s8":3.08822155,"s10":0.0,"s9":1.0,"a1":0.47324238,"a2":4.98682134,"alp":16},"b3pw":{"s6":1.0,"s8":2.88364295,"s10":0.0,"s9":1.0,"a1":0.4699086,"a2":4.51641422,"alp":16},"b3pw91":{"s6":1.0,"s8":2.88364295,"s10":0.0,"s9":1.0,"a1":0.4699086,"a2":4.51641422,"alp":16},"b97":{"s6":1.0,"s8":0.8785426,"s10":0.0,"s9":1.0,"a1":0.29319126,"a2":4.51647719,"alp":16},"b97d":{"s6":1.0,"s8":1.69460052,"s10":0.0,"s9":1.0,"a1":0.28904684,"a2":4.13407323,"alp":16},"b97m":{"s6":1.0,"s8":0.6633,"s10":0.0,"s9":1.0,"a1":0.4288,"a2":3.9935,"alp":16},"bh-lyp":{"s6":1.0,"s8":1.65281646,"s10":0.0,"s9":1.0,"a1":0.2726366,"a2":5.48634586,"alp":16},"bhlyp":{"s6":1.0,"s8":1.65281646,"s10":0.0,"s9":1.0,"a1":0.2726366,"a2":5.48634586,"alp":16},"blyp":{"s6":1.0,"s8":2.34076671,"s10":0.0,"s9":1.0,"a1":0.44488865,"a2":4.0933009,"alp":16},"bp":{"s6":1.0,"s8":3.35497927,"s10":0.0,"s9":1.0,"a1":0.43645861,"a2":4.92406854,"alp":16},"bp86":{"s6":1.0,"s8":3.35497927,"s10":0.0,"s9":1.0,"a1":0.43645861,"a2":4.92406854,"alp":16},"bpbe":{"s6":1.0,"s8":3.64405246,"s10":0.0,"s9":1.0,"a1":0.5290562,"a2":4.11311891,"alp":16},"bpw":{"s6":1.0,"s8":3.24571506,"s10":0.0,"s9":1.0,"a1":0.50050454,"a2":4.12346483,"alp":16},"cam-b3lyp":{"s6":1.0,"s8":1.66041301,"s10":0.0,"s9":1.0,"a1":0.40267156,"a2":5.17432195,"alp":16},"camb3lyp":{"s6":1.0,"s8":1.66041301,"s10":0.0,"s9":1.0,"a1":0.40267156,"a2":5.17432195,"alp":16},"dftb(3ob)":{"s6":1.0,"s8":0.6635015,"s10":0.0,"s9":1.0,"a1":0.552324,"a2":4.3537076,"alp":16},"dftb(matsci)":{"s6":1.0,"s8":3.3157614,"s10":0.0,"s9":1.0,"a1":0.482633,"a2":5.3811976,"alp":16},"dftb(mio)":{"s6":1.0,"s8":1.2916225,"s10":0.0,"s9":1.0,"a1":0.5965326,"a2":4.8778602,"alp":16},"dftb(ob2)":{"s6":1.0,"s8":2.9692689,"s10":0.0,"s9":1.0,"a1":0.6068916,"a2":5.4476789,"alp":16},"dftb(pbc)":{"s6":1.0,"s8":2.1667394,"s10":0.0,"s9":1.0,"a1":0.5646391,"a2":4.9576353,"alp":16},"dftb3":{"s6":1.0,"s8":0.6635015,"s10":0.0,"s9":1.0,"a1":0.552324,"a2":4.3537076,"alp":16},"dftb_3ob":{"s6":1.0,"s8":0.6635015,"s10":0.0,"s9":1.0,"a1":0.552324,"a2":4.3537076,"alp":16},"dftb_matsci":{"s6":1.0,"s8":3.3157614,"s10":0.0,"s9":1.0,"a1":0.482633,"a2":5.3811976,"alp":16},"dftb_mio":{"s6":1.0,"s8":1.2916225,"s10":0.0,"s9":1.0,"a1":0.5965326,"a2":4.8778602,"alp":16},"dftb_ob2":{"s6":1.0,"s8":2.9692689,"s10":0.0,"s9":1.0,"a1":0.6068916,"a2":5.4476789,"alp":16},"dftb_pbc":{"s6":1.0,"s8":2.1667394,"s10":0.0,"s9":1.0,"a1":0.5646391,"a2":4.9576353,"alp":16},"dod-blyp":{"s6":0.47,"s8":1.31146043,"s10":0.0,"s9":1.0,"a1":0.43407294,"a2":4.2791436,"alp":16},"dod-pbe":{"s6":0.48,"s8":0.92051454,"s10":0.0,"s9":1.0,"a1":0.43037052,"a2":4.38067238,"alp":16},"dod-pbeb95":{"s6":0.56,"s8":0.01574635,"s10":0.0,"s9":1.0,"a1":0.4374572,"a2":3.69180763,"alp":16},"dod-pbep86":{"s6":0.46,"s8":0.71405681,"s10":0.0,"s9":1.0,"a1":0.42408665,"a2":4.52884439,"alp":16},"dod-svwn":{"s6":0.42,"s8":0.94500207,"s10":0.0,"s9":1.0,"a1":0.47449026,"a2":5.05316093,"alp":16},"dodblyp":{"s6":0.47,"s8":1.31146043,"s10":0.0,"s9":1.0,"a1":0.43407294,"a2":4.2791436,"alp":16},"dodpbe":{"s6":0.48,"s8":0.92051454,"s10":0.0,"s9":1.0,"a1":0.43037052,"a2":4.38067238,"alp":16},"dodpbeb95":{"s6":0.56,"s8":0.01574635,"s10":0.0,"s9":1.0,"a1":0.4374572,"a2":3.69180763,"alp":16},"dodpbep86":{"s6":0.46,"s8":0.71405681,"s10":0.0,"s9":1.0,"a1":0.42408665,"a2":4.52884439,"alp":16},"dodsvwn":{"s6":0.42,"s8":0.94500207,"s10":0.0,"s9":1.0,"a1":0.47449026,"a2":5.05316093,"alp":16},"dsd-blyp":{"s6":0.54,"s8":0.63018237,"s10":0.0,"s9":1.0,"a1":0.47591835,"a2":4.73713781,"alp":16},"dsd-pbe":{"s6":0.45,"s8":0.70584116,"s10":0.0,"s9":1.0,"a1":0.45787085,"a2":4.44566742,"alp":16},"dsd-pbeb95":{"s6":0.54,"s8":-0.1466867,"s10":0.0,"s9":1.0,"a1":0.46394587,"a2":3.6491386,"alp":16},"dsd-pbep86":{"s6":0.47,"s8":0.37586675,"s10":0.0,"s9":1.0,"a1":0.53698768,"a2":5.13022435,"alp":16},"dsd-svwn":{"s6":0.41,"s8":0.72914436,"s10":0.0,"s9":1.0,"a1":0.51347412,"a2":5.11858541,"alp":16},"dsdblyp":{"s6":0.54,"s8":0.63018237,"s10":0.0,"s9":1.0,"a1":0.47591835,"a2":4.73713781,"alp":16},"dsdpbe":{"s6":0.45,"s8":0.70584116,"s10":0.0,"s9":1.0,"a1":0.45787085,"a2":4.44566742,"alp":16},"dsdpbeb95":{"s6":0.54,"s8":-0.1466867,"s10":0.0,"s9":1.0,"a1":0.46394587,"a2":3.6491386,"alp":16},"dsdpbep86":{"s6":0.47,"s8":0.37586675,"s10":0.0,"s9":1.0,"a1":0.53698768,"a2":5.13022435,"alp":16},"dsdsvwn":{"s6":0.41,"s8":0.72914436,"s10":0.0,"s9":1.0,"a1":0.51347412,"a2":5.11858541,"alp":16},"g-lyp":{"s6":1.0,"s8":4.23798924,"s10":0.0,"s9":1.0,"a1":0.38426465,"a2":4.38412863,"alp":16},"glyp":{"s6":1.0,"s8":4.23798924,"s10":0.0,"s9":1.0,"a1":0.38426465,"a2":4.38412863,"alp":16},"hf":{"s6":1.0,"s8":1.61679827,"s10":0.0,"s9":1.0,"a1":0.44959224,"a2":3.35743605,"alp":16},"lb94":{"s6":1.0,"s8":2.59538499,"s10":0.0,"s9":1.0,"a1":0.42088944,"a2":3.28193223,"alp":16},"lc-blyp":{"s6":1.0,"s8":1.6034418,"s10":0.0,"s9":1.0,"a1":0.45769839,"a2":7.86924893,"alp":16},"lc-dftb":{"s6":1.0,"s8":2.9692689,"s10":0.0,"s9":1.0,"a1":0.6068916,"a2":5.4476789,"alp":16},"lcblyp":{"s6":1.0,"s8":1.6034418,"s10":0.0,"s9":1.0,"a1":0.45769839,"a2":7.86924893,"alp":16},"lh07s-svwn":{"s6":1.0,"s8":3.16675531,"s10":0.0,"s9":1.0,"a1":0.35965552,"a2":4.31947614,"alp":16},"lh07ssvwn":{"s6":1.0,"s8":3.16675531,"s10":0.0,"s9":1.0,"a1":0.35965552,"a2":4.31947614,"alp":16},"lh07t-svwn":{"s6":1.0,"s8":2.09333001,"s10":0.0,"s9":1.0,"a1":0.35025189,"a2":4.34166515,"alp":16},"lh07tsvwn":{"s6":1.0,"s8":2.09333001,"s10":0.0,"s9":1.0,"a1":0.35025189,"a2":4.34166515,"alp":16},"lh12ct-ssifpw92":{"s6":1.0,"s8":2.6846761,"s10":0.0,"s9":1.0,